feature,mean,std
volume,0.017050520512820518,0.013176430683659172
surface_area,1.6176687075434808,1.256859617632394
diameter,1.0610403527354473,0.0796726970564446
eccentricity,58.604589351608034,136.23170829331877
compactness,142.81483217972627,139.30663892957324
rectangularity,0.11045315452019494,0.07480714706228979
convexity,0.791465945109025,0.2312262935202354
sphericity,0.017232491716422875,0.020248598268421392
elongation,1.760681091519373,0.8244810928842401
