feature,min,max
surface_area,0.11484994938053956,6.249666518784928
diameter,0.9369192414443516,1.3782930239177325
eccentricity,1.0697477495824432,1051.0695071669552
compactness,5.8412208110297685,752.8620455852986
rectangularity,0.009401987043655913,0.4006811213056697
convexity,0.13660895773463236,1.0
sphericity,0.0013282645949067185,0.1711970891618642
elongation,1.000006918152329,4.856327295437556
