feature,mean,std
volume,0.015363512866817162,0.011881831602039887
surface_area,1.4391626709800958,1.133989192478243
diameter,1.056990047860289,0.07627224430655148
eccentricity,84.30527425450848,328.1911751232453
compactness,123.74791037595435,127.9543542306534
rectangularity,0.10365197483078317,0.07145446513084429
convexity,0.756796472785054,0.23977759375952254
sphericity,0.018852015897708872,0.02043354874312486
elongation,1.8148707641800974,1.0406064085424733
