feature,mean,std
surface_area,1.747287186295498,1.5872937579093298
diameter,1.0707436500759682,0.10221658126239676
eccentricity,94.60110436155341,322.8146718298279
compactness,163.98965519275865,217.1552901524019
rectangularity,0.12043097750184473,0.09801599509868805
convexity,0.7875916757035626,0.24108215141273218
sphericity,0.025218421796573815,0.07793622314309215
elongation,1.8507652204862444,1.0329126516293454
