resampling,remeshing,normalization,global_desc,local_desc
138.99218463897705,183.0573182106018,49.543283462524414,399.5623109340668,21.673474073410038
