resampling,remeshing,normalization,global_desc,local_desc
610.3474884033203,1189.2099311351776,300.91805720329285,1819.6821007728577,116.26716160774231
