resampling,remeshing,normalization,global_desc,local_desc
136.86405992507937,188.9051456451416,47.149142026901245,392.392959356308,127.58206510543823
